Date,Delivery,Pickup Hours,Delivery Hours
10/3/2026,Yes,,
10/4/2026,Yes,,
10/10/2026,Yes,,
10/11/2026,Yes,,
10/17/2026,Yes,,
10/18/2026,Yes,,
10/24/2026,Yes,,
10/25/2026,Yes,,
10/31/2026,Yes,,
11/1/2026,Yes,,
11/7/2026,Yes,,
11/8/2026,Yes,,
11/14/2026,Yes,,
11/15/2026,Yes,,
11/21/2026,Yes,,
11/22/2026,Yes,,
11/28/2026,Yes,,
11/29/2026,Yes,,
12/5/2026,Yes,,
12/6/2026,Yes,,
12/12/2026,Yes,,
12/13/2026,Yes,,
12/19/2026,Yes,,
12/20/2026,Yes,,
12/26/2026,Yes,,
12/27/2026,Yes,,
1/2/2027,Yes,,
1/3/2027,Yes,,
1/9/2027,Yes,,
1/10/2027,Yes,,
1/16/2027,Yes,,
1/17/2027,Yes,,
1/23/2027,Yes,,
1/24/2027,Yes,,
1/30/2027,Yes,,
1/31/2027,Yes,,
2/6/2027,Yes,,
2/7/2027,Yes,,
2/13/2027,Yes,,
2/14/2027,Yes,,
2/20/2027,Yes,,
2/21/2027,Yes,,
2/27/2027,Yes,,
2/28/2027,Yes,,
3/6/2027,Yes,,
3/7/2027,Yes,,
3/13/2027,Yes,,
3/14/2027,Yes,,
3/20/2027,Yes,,
3/21/2027,Yes,,
3/27/2027,Yes,,
3/28/2027,Yes,,
4/3/2027,Yes,,
4/4/2027,Yes,,
4/10/2027,Yes,,
4/11/2027,Yes,,
4/17/2027,Yes,,
4/18/2027,Yes,,
4/24/2027,Yes,,
4/25/2027,Yes,,
5/1/2027,Yes,,
5/2/2027,Yes,,
5/8/2027,Yes,,
5/9/2027,Yes,,
5/15/2027,Yes,,
5/16/2027,Yes,,
5/22/2027,Yes,,
5/23/2027,Yes,,
5/29/2027,Yes,,
5/30/2027,Yes,,
6/5/2027,Yes,,
6/6/2027,Yes,,
6/12/2027,Yes,,
6/13/2027,Yes,,
6/19/2027,Yes,,
6/20/2027,Yes,,
6/26/2027,Yes,,
6/27/2027,Yes,,
7/3/2027,Yes,,
7/4/2027,Yes,,
7/10/2027,Yes,,
7/11/2027,Yes,,
7/17/2027,Yes,,
7/18/2027,Yes,,
7/24/2027,Yes,,
7/25/2027,Yes,,
7/31/2027,Yes,,
8/1/2027,Yes,,
8/7/2027,Yes,,
8/8/2027,Yes,,
8/14/2027,Yes,,
8/15/2027,Yes,,
8/21/2027,Yes,,
8/22/2027,Yes,,
8/28/2027,Yes,,
8/29/2027,Yes,,
9/4/2027,Yes,,
9/5/2027,Yes,,
9/11/2027,Yes,,
9/12/2027,Yes,,
9/18/2027,Yes,,
9/19/2027,Yes,,
9/25/2027,Yes,,
9/26/2027,Yes,,
10/2/2027,Yes,,
10/3/2027,Yes,,
10/9/2027,Yes,,
10/10/2027,Yes,,
10/16/2027,Yes,,
10/17/2027,Yes,,
10/23/2027,Yes,,
10/24/2027,Yes,,
10/30/2027,Yes,,
10/31/2027,Yes,,
11/6/2027,Yes,,
11/7/2027,Yes,,
11/13/2027,Yes,,
11/14/2027,Yes,,
11/20/2027,Yes,,
11/21/2027,Yes,,
11/27/2027,Yes,,
11/28/2027,Yes,,
12/4/2027,Yes,,
12/5/2027,Yes,,
12/11/2027,Yes,,
12/12/2027,Yes,,
12/18/2027,Yes,,
12/19/2027,Yes,,
12/25/2027,Yes,,
12/26/2027,Yes,,
